dish_id,functional_category,H_mean,E_composite,is_pareto,log_DEI
croissant,Bread/Pastry,7.299,0.2528773599570321,True,3.3625880035029416
naan,Bread/Pastry,7.203,0.2138116130018896,False,3.517157570645899
pancake,Bread/Pastry,7.162,0.1740145033925502,True,3.717405901986755
pita,Bread/Pastry,7.042,0.2214726334827755,False,3.4593484687306755
waffle,Bread/Pastry,7.266,0.1785825277098203,True,3.705910378296673
baklava,Dessert,7.48,0.28131109410514,False,3.280526917554556
brownie,Dessert,7.362,0.3645830754384144,False,3.0053324723044224
cheesecake,Dessert,7.268,0.4162269009143125,False,2.860005883060168
churro,Dessert,7.396,0.3234748223106578,False,3.1295733106191377
churros_spanish,Dessert,7.323,0.3234748223106578,False,3.119654077173192
creme_brulee,Dessert,7.324,0.2801526093771747,False,3.263577417612048
gelato,Dessert,7.564,0.0648149325917145,True,4.759619411737459
mango_sticky_rice,Dessert,7.382,0.1575942646055001,False,3.846776098925454
panna_cotta,Dessert,7.57,0.0769170517835727,True,4.589220754792154
souffle,Dessert,7.419,0.2974611158696626,False,3.2165160427053348
tiramisu,Dessert,7.448,0.1078809838214075,False,4.234672201136602
bibimbap,Noodle/Rice Dish,7.176,0.4103771234250521,False,2.861420853577409
biryani,Noodle/Rice Dish,6.789,0.3345396378994281,False,3.010303562801858
bun_bo_hue,Noodle/Rice Dish,6.883,0.4268114422342925,False,2.780467553971432
chow_fun,Noodle/Rice Dish,7.171,0.372484261208624,False,2.957605608744521
chow_mein,Noodle/Rice Dish,6.051,0.19426553805153,False,3.438752850604325
dan_dan_noodles,Noodle/Rice Dish,7.243,0.1768632843021446,True,3.712413735152621
donburi,Noodle/Rice Dish,6.081,0.2347841626076021,False,3.254257800004935
fried_rice,Noodle/Rice Dish,6.66,0.2050187887838639,False,3.480773135991656
japchae,Noodle/Rice Dish,7.318,0.2850385521038225,True,3.245467903919008
lasagna,Noodle/Rice Dish,6.885,0.5943961798471784,False,2.449554344685682
lo_mein,Noodle/Rice Dish,6.505,0.1958151798842702,False,3.5031551363564706
mac_and_cheese,Noodle/Rice Dish,6.986,0.3013898684318615,False,3.143258754763064
pad_see_ew,Noodle/Rice Dish,6.887,0.2391870645940731,False,3.360144912714453
pad_thai,Noodle/Rice Dish,6.777,0.2390955383002528,False,3.344426591238025
paella,Noodle/Rice Dish,7.111,0.2576096497632017,False,3.317952706094061
pasta_bolognese,Noodle/Rice Dish,7.058,0.3871269799507092,False,2.9031642514551943
pasta_carbonara,Noodle/Rice Dish,7.116,0.20538029673412,False,3.545237682211284
pho,Noodle/Rice Dish,6.974,0.395002904915845,False,2.8710511081441874
ramen,Noodle/Rice Dish,6.942,0.1942964691225439,False,3.5759600125012225
risotto,Noodle/Rice Dish,7.082,0.1798937436216193,False,3.672945269298309
bun_cha,Other,7.232,0.2664993860833531,False,3.3008989620959595
chana_masala,Other,7.131,0.1795333304373007,False,3.681845880449806
chicken_salad,Other,6.953,0.0681619356522414,False,4.625042219327415
chicken_sandwich,Other,6.743,0.2305453291832126,False,3.375812709739652
club_sandwich,Other,6.95,0.0745333152011155,False,4.535250729222659
com_tam,Other,6.941,0.2925279261245002,False,3.166640999295103
congee,Other,6.984,0.1429436030199488,False,3.888926929525424
cornbread,Other,6.978,0.2367189718162237,False,3.3836439571238817
dal,Other,6.929,0.1513163041255206,False,3.824098406390801
dim_sum,Other,6.977,0.1486246479702183,False,3.848950317508264
dolma,Other,7.407,0.1463439103506557,True,3.924221375917714
dosa,Other,6.872,0.1613769949862088,False,3.751467252149477
escargot,Other,7.185,0.22905787543792,False,3.445776095720072
french_fries,Other,6.585,0.247277363637544,False,3.2820389778567147
fresh_spring_roll,Other,7.119,0.0531295222848464,True,4.897789796120436
gnocchi,Other,7.211,0.1493656341086219,False,3.876965696724799
grilled_cheese,Other,7.194,0.1882054209607936,False,3.643468593264111
guacamole,Other,6.93,0.0347126588909858,True,5.29651066221946
ice_cream,Other,7.338,0.0838113240686453,True,4.472253474472635
kimbap,Other,7.307,0.1364470620417334,False,3.980651356259415
mapo_tofu,Other,6.879,0.2133064982371322,False,3.473498481266013
minestrone,Other,6.638,0.1196048159520431,False,4.016372884416538
moussaka,Other,7.124,0.5167985075858745,False,2.62357157974356
okonomiyaki,Other,7.216,0.1942506282035568,False,3.614906838504788
onigiri,Other,7.085,0.0556931760085771,False,4.845877526007914
palak_paneer,Other,7.231,0.2075051881169707,False,3.550976275843415
paneer_tikka,Other,7.1,0.2850173554547919,False,3.2152999882822595
patatas_bravas,Other,7.31,0.2824044679241891,False,3.253658225988599
penne_arrabbiata,Other,7.216,0.1413938119152791,False,3.932507072213009
pizza,Other,6.838,0.3198078040607087,False,3.0625303671555866
pizza_margherita,Other,7.126,0.2942943620278918,False,3.186924848337543
quiche,Other,7.306,0.3547504593313247,False,3.0250365965130257
ratatouille,Other,7.242,0.1346233349410699,False,3.985171923051277
ravioli,Other,7.222,0.1935701450266944,False,3.619247248459304
satay,Other,7.066,0.2351079257839079,False,3.403005160546983
scallion_pancake,Other,6.964,0.145579254449721,False,3.867788658452179
soup,Other,6.733,0.1268497208512982,False,3.971773003122844
spanakopita,Other,7.365,0.2741309781639822,False,3.2908883142287317
sundubu_jjigae,Other,7.119,0.1660415503417002,False,3.7582844848047112
takoyaki,Other,7.144,0.1512882831212846,False,3.854840946127024
tamale,Other,7.247,0.1372645889738489,False,3.966432499477112
tandoori_chicken,Other,7.061,0.2790571517430138,False,3.230925357715805
tapas,Other,7.397,0.1942673219562087,False,3.639594632796097
tikka_masala,Other,7.079,0.2352417448800396,False,3.4042742467637623
tteokbokki,Other,6.906,0.1505269670921717,False,3.826003626475735
udon,Other,6.941,0.1444559831100882,False,3.872226289346816
wonton_soup,Other,6.753,0.1715262451683963,False,3.673005841625337
yakitori,Other,6.842,0.2192980503856408,False,3.440403600323582
beef_bourguignon,Protein Main,7.344,0.8163411367437777,False,2.196806604963821
brisket,Protein Main,7.046,0.9792094431862688,False,1.9734698034127955
buffalo_wings,Protein Main,6.761,0.386292331318037,False,2.8623316692384835
bulgogi,Protein Main,7.375,0.6615588732726678,True,2.4112522019569065
butter_chicken,Protein Main,7.297,0.2453824918883798,False,3.392400399232125
ceviche,Protein Main,7.301,0.039418546557507,True,5.221530173698543
char_siu,Protein Main,7.017,0.3230840935392318,False,3.078178414400557
coq_au_vin,Protein Main,7.166,0.433244547442996,False,2.805800554592473
falafel,Protein Main,7.341,0.3067878357769481,True,3.175073932109877
fish_and_chips,Protein Main,6.801,0.3253698736066217,False,3.039862331323876
fried_chicken,Protein Main,7.048,0.393529317972158,False,2.885343596886804
general_tso,Protein Main,6.649,0.3714217975765348,False,2.884883408908441
gyro,Protein Main,7.158,0.4052126119464612,False,2.8715739941977647
hamburger,Protein Main,6.712,0.5502933141427692,False,2.5012008136322037
katsu,Protein Main,6.973,0.3813776644673086,False,2.906010697732519
kebab,Protein Main,7.286,0.4289247527784806,False,2.8324284754738884
korean_fried_chicken,Protein Main,6.228,0.3907836556182036,False,2.7686564365406108
korma,Protein Main,7.243,0.2480675328093393,False,3.3740897453848278
kung_pao_chicken,Protein Main,6.489,0.2407579913425084,False,3.294071470963158
lobster_roll,Protein Main,7.177,0.1997214767272574,False,3.5817129678371287
orange_chicken,Protein Main,6.438,0.3702907257974551,False,2.8556847693582617
osso_buco,Protein Main,7.166,0.934,False,2.0376264596360567
peking_duck,Protein Main,7.07,0.3637668649375477,False,2.967102577390219
pulled_pork,Protein Main,6.972,0.4097443133224298,False,2.8341240675200154
ribs,Protein Main,7.004,0.5441126977074214,False,2.555080303102137
samgyeopsal,Protein Main,7.223,0.274564609930532,False,3.2698390516440545
sashimi,Protein Main,7.112,0.0629854347994419,False,4.726635271191234
shawarma,Protein Main,7.158,0.3031312637237955,False,3.1618199660166395
steak,Protein Main,6.761,0.7815011469219191,False,2.157709469639796
sweet_and_sour,Protein Main,6.416,0.3685525819004364,False,2.8569667563720684
tempura,Protein Main,6.976,0.3320592974999239,False,3.044917405693164
teriyaki,Protein Main,6.712,0.2907920050126571,False,3.1390439959445158
vindaloo,Protein Main,7.325,0.2360593776690798,True,3.434965060212993
baba_ganoush,Salad/Cold/Side,7.495,0.2283327510889237,True,3.4911874109213503
bruschetta,Salad/Cold/Side,7.304,0.2200736836601747,False,3.502215006269477
caesar_salad,Salad/Cold/Side,6.747,0.0525168062162769,False,4.855720003851538
caprese,Salad/Cold/Side,7.136,0.1118488797934876,False,4.155759001631012
coleslaw,Salad/Cold/Side,6.704,0.013196413963922,False,6.230514518878259
edamame,Salad/Cold/Side,7.174,0.122958281541028,False,4.066373534715665
elote,Salad/Cold/Side,7.372,0.1805572994317562,False,3.709396143017472
gazpacho,Salad/Cold/Side,7.436,0.0402863263051759,True,5.21807623510148
hummus,Salad/Cold/Side,7.347,0.0956000970923752,False,4.341873509952818
kimchi,Salad/Cold/Side,7.178,0.0107893163244967,True,6.500219656400783
larb,Salad/Cold/Side,7.071,0.2198598697019789,False,3.4707668040945663
papaya_salad,Salad/Cold/Side,7.193,0.0108332800613693,True,6.49824072662393
raita,Salad/Cold/Side,6.859,0.0280594219823921,False,5.49899246238172
tabbouleh,Salad/Cold/Side,7.356,0.0422978507033765,False,5.158535311757774
clam_chowder,Soup/Stew,6.858,0.1957745939328879,False,3.556207166540037
french_onion_soup,Soup/Stew,7.065,0.2794902450794066,False,3.229940904458455
green_curry,Soup/Stew,7.287,0.2611478475643975,True,3.32876050496478
hot_and_sour_soup,Soup/Stew,6.726,0.1340866392818403,False,3.915249739475556
kimchi_jjigae,Soup/Stew,6.817,0.1738305685587496,False,3.66909369046008
massaman_curry,Soup/Stew,7.313,0.5748645506702768,True,2.5432744162748624
miso_soup,Soup/Stew,6.965,0.1090529409366971,True,4.156819425230264
pozole,Soup/Stew,7.237,0.1813985581478384,True,3.686265445685047
red_curry,Soup/Stew,7.176,0.2608840882697989,False,3.314421201306305
tom_kha,Soup/Stew,7.207,0.1858816088936304,False,3.657698095195142
tom_yum,Soup/Stew,7.086,0.1541886022669634,True,3.827699742287696
banh_mi,Wrapped/Stuffed,7.249,0.2565416685710571,False,3.3413277053142947
burrito,Wrapped/Stuffed,6.827,0.276301431930006,False,3.207148202983316
chile_relleno,Wrapped/Stuffed,6.786,0.3181617528849141,False,3.060057035015254
crepe,Wrapped/Stuffed,7.239,0.1703383946222554,True,3.749451339174017
dumplings,Wrapped/Stuffed,7.08,0.1552253181381092,False,3.820151459910101
enchilada,Wrapped/Stuffed,6.83,0.2953211986902908,False,3.141016379428124
fajita,Wrapped/Stuffed,6.671,0.2319769200463485,False,3.3588871685507664
nachos,Wrapped/Stuffed,6.823,0.2693445432591771,False,3.232063146816772
quesadilla,Wrapped/Stuffed,6.777,0.2259953170821839,False,3.4007755269538
samosa,Wrapped/Stuffed,7.343,0.2564875522755967,True,3.354422623158337
spring_rolls,Wrapped/Stuffed,6.845,0.2903988081034614,False,3.1600185591072547
sushi,Wrapped/Stuffed,6.974,0.0640243446175479,True,4.690680831554638
taco,Wrapped/Stuffed,7.05,0.418539769036379,False,2.824010982825598
xiao_long_bao,Wrapped/Stuffed,7.102,0.1355547936033021,True,3.9587557740869945
